{
  "BACKGROUND": {
    "Blue background": 9.5057034221,
    "Olive background": 9.900990099,
    "Orange background": 9.910802775,
    "Neon green background": 9.9502487562,
    "Light blue background": 9.9601593625,
    "Purple background": 9.9800399202,
    "Red background": 10.0,
    "Yellow background": 10.1729399797,
    "Royal blue background": 10.2249488753,
    "Pink background": 10.4493207941
  },
  "EYES": {
    "Hypnosed eyes": 20.7039337474,
    "High eyes": 20.8333333333,
    "Black eyes without pupils": 20.9205020921,
    "Sad eyes": 20.9205020921,
    "Strange eyes": 21.1416490486,
    "Diamond eyes": 21.2314225053,
    "Red eyes": 21.3219616205,
    "Rainbow eyes": 21.3219616205,
    "One blue one green eyes": 21.4592274678,
    "Robotic eyes": 21.5517241379,
    "Eyes without pupils white": 21.5517241379,
    "Closed eyes": 21.7864923747,
    "Wink": 21.9298245614,
    "Base eyes": 22.0264317181,
    "Blue eyes": 22.4215246637,
    "One eye": 22.7272727273,
    "Cry eyes": 23.0414746544,
    "Green eyes": 23.1481481481,
    "Shock eyes": 23.4192037471,
    "Laser eyes": 23.5294117647,
    "Angry eyes": 23.9808153477,
    "Dollar eyes": 24.0963855422
  },
  "FUR": {
    "Yellow": 8.7183958152,
    "Gold": 8.8105726872,
    "Black": 8.8731144632,
    "Brown": 8.9686098655,
    "Leopard": 9.0171325518,
    "Blue": 9.0826521344,
    "Pink": 9.0909090909,
    "Rainbow": 9.1996320147,
    "Base": 9.2678405931
  },
  "CLOTHES": {
    "Torn green tshirt": 22.6244343891,
    "White doctor suit": 23.8095238095,
    "Plaid shirt and jeans": 23.9234449761,
    "Grey coat": 24.4498777506,
    "Pink hoodie": 24.8138957816,
    "Blue hoodie": 24.8138957816,
    "Gentlman suit": 25.1256281407,
    "Monkey superman suit": 25.1889168766,
    "Hippie tshirt": 25.2525252525,
    "Prison uniform": 25.3807106599,
    "Jeans and tshirt": 25.706940874,
    "College jacket": 25.7731958763,
    "Red suit with print": 26.1780104712,
    "Yellow suit": 26.3852242744,
    "Black suit": 26.455026455,
    "Suspenders": 26.5957446809,
    "Plaid green shirt": 26.6666666667,
    "Pink tshirt": 26.8096514745,
    "Hawaii shirt": 27.1002710027,
    "Hawaii green shirt": 27.1739130435,
    "Bitcoin tshirt": 27.3224043716,
    "Purple tshirt": 27.3224043716,
    "Tshirt with monkey": 27.7008310249,
    "Leather black jacket": 28.4090909091,
    "Red cloak": 28.6532951289,
    "Marijuana tshirt": 28.6532951289
  },
  "CHAIN": {
    "Rubin chain": 6.7658998647,
    "Gold luxury chain": 6.8681318681,
    "Leather black chain": 6.8917987595,
    "Dollar chain": 7.0671378092,
    "Bitcoin chain": 7.1022727273,
    "Gold banana chain": 7.1428571429,
    "Diamond chain": 7.183908046
  },
  "HATS": {
    "Sombrero": 20.6611570248,
    "Cowboy hat": 20.8333333333,
    "Turban": 21.645021645,
    "Grey cool cap": 21.7391304348,
    "Winter blue hat": 21.8818380744,
    "Dad cap": 21.978021978,
    "Muslim hat": 22.3214285714,
    "Headphones": 22.3214285714,
    "College hat": 22.3713646532,
    "OKLG black cap": 22.5733634312,
    "Turquoise winter hat": 22.8832951945,
    "Navy hat": 22.9357798165,
    "Red beret": 23.31002331,
    "Pirat hat 2": 23.3644859813,
    "Green cap": 23.3644859813,
    "Orange hat": 23.6966824645,
    "Cool blue hat": 23.7529691211,
    "Purple hat": 24.154589372,
    "Yellow hat": 24.5098039216,
    "Hairstyle on side": 24.8138957816,
    "Pirat hat": 25.0626566416,
    "Black cap": 25.1889168766,
    "Chief": 25.3807106599
  },
  "EARRINGS": {
    "Rubin earrings": 4.8804294778,
    "Diamond earrings": 4.9529470035,
    "Etherium earrings": 4.9751243781,
    "Bitcoin earrings": 5.0075112669,
    "Cool rainbow earrings": 5.1948051948
  },
  "MOUTH": {
    "Bitcoin in mouth": 16.1812297735,
    "Sad mouth": 17.0068027211,
    "Smile with teeth": 17.0648464164,
    "Standard base smile": 17.1526586621,
    "Toungue out 2": 17.3010380623,
    "Sour mouth": 17.3913043478,
    "Lollipoop": 17.4216027875,
    "Tongue out": 17.4216027875,
    "Open mouth": 17.4825174825,
    "Bubblegum": 17.6056338028,
    "Evil smile": 17.7619893428,
    "Rainbow vomit": 17.9856115108,
    "Gold rich teeth": 17.9856115108,
    "Dollar in mouth": 18.018018018,
    "Smile": 18.115942029,
    "Diamond teeth": 18.1818181818,
    "What mouth": 18.4501845018,
    "Tobacco pipe": 63.2911392405,
    "Pizza": 65.7894736842
  },
  "SUNGLASSES": {
    "Dollar blue sunglasses": 4.9455984174,
    "Black modern sunglasses": 4.948045522,
    "Leopard sunglasses": 4.9751243781,
    "Black sunglasses": 5.0352467271,
    "John Lenon sunglasses": 5.0994390617
  },
  "IN THE HANDS": {
    "None": 3.3333333333,
    "Cupcake": 17.7304964539,
    "Heart": 18.3486238532,
    "Juggling": 18.4162062615,
    "Dollar bag": 18.7969924812,
    "Purple bag": 18.8679245283,
    "Trophy": 19.0476190476,
    "Playstation": 19.0839694656,
    "Green bag": 19.4552529183,
    "Football ball": 19.6850393701,
    "OKLG bag": 19.8412698413,
    "Revolver": 19.8412698413,
    "Banana": 20.0803212851,
    "TEDDY BEAR": 20.4498977505,
    "Rifle": 45.4545454545
  }
}